year,newyear
management1984,1984
management1985,1985
management1986,1986
management1987,1987
management1988,1988
management1989,1989
management1990,1990
management1991,1991
management1992,1992
management1993,1993
management1994,1994
management1995,1995
management1996,1996
management1997,1997
management1998,1998
management1999,1999
management2000,2000
management2001,2001
management2002,2002
management2003,2003
management2004,2004
management2005,2005
management2006,2006
management2007,2007
management2008,2008
management2009,2009
management2010,2010
management2011,2011
management2012,2012
management2013,2013
management2014,2014
management2015,2015
management2016,2016
management2017,2017
management2018,2018
management2019,2019
